Sample Count,PPG1,smoothPPG1,PPG2,smoothPPG2
0,1775,2.1108093982761025,1185,-0.2013085500831737
1,1783,1.2095506837417704,1184,-0.3508162744239392
2,1779,0.38491948675459686,1185,-0.4799339531803476
3,1775,-0.36569253035585625,1186,-0.5896007481116036
4,1774,-1.0448937052600287,1185,-0.6807558209769119
5,1778,-1.6552923756283588,1183,-0.7543383335354774
6,1778,-2.199496879131285,1183,-0.8112874475465048
7,1770,-2.6801155534392462,1184,-0.8525423247691988
8,1772,-3.099756736222681,1185,-0.8790421269627643
9,1773,-3.4610287651520304,1183,-0.891726015886406
10,1775,-3.7665399778977298,1184,-0.8915331532993285
11,1775,-4.0188987121302215,1184,-0.879402700960737
12,1769,-4.220713305519941,1184,-0.8562738206298359
13,1769,-4.37459209573733,1184,-0.82308567406583
14,1771,-4.483143420452824,1183,-0.7807774230279241
15,1775,-4.548975617336864,1184,-0.7302882292753228
16,1772,-4.57469702405989,1184,-0.6725572545672311
17,1771,-4.562915978292338,1185,-0.6085236606628536
18,1770,-4.5162408177046505,1184,-0.5391266093213953
19,1774,-4.437279879967262,1182,-0.4653052623020617
20,1777,-4.328641502750615,1184,-0.38799878136405586
21,1774,-4.192934023725145,1184,-0.30814632826658306
22,1770,-4.032765780561291,1184,-0.22668706476884867
23,1773,-3.8507451109294957,1184,-0.14456015263005748
24,1775,-3.649480352500195,1185,-0.0627047536094136
25,1779,-3.4315798429434237,1183,0.017939970533879038
26,1772,-3.3881863636712586,1184,0.08476606542813891
27,1776,-3.2882336897219795,1184,0.10155294125314669
28,1780,-3.0526482852723493,1184,0.13051843405285507
29,1782,-2.75884020729814,1187,0.19072509031588677
30,1780,-2.499424764739741,1184,0.24570378325335318
31,1777,-2.269478739070988,1184,0.23938683370733327
32,1778,-2.0692611706200776,1186,0.2053316917330448
33,1783,-1.8996712950314367,1185,0.22823632115907244
34,1786,-1.665018382895063,1185,0.2800438844074714
35,1785,-1.4348034564361412,1185,0.2880653417986466
36,1781,-1.2468793177189506,1186,0.25739467947645095
37,1785,-1.0173987945503375,1185,0.2232516419034648
38,1791,-0.8181244416132651,1184,0.21549410507465502
39,1792,-0.7114426342076906,1184,0.21783179018485505
40,1788,-0.615189364293114,1184,0.1904731254505806
41,1788,-0.5241764738890383,1184,0.1655889145385044
42,1793,-0.4410090690080637,1185,0.1796091731029511
43,1798,-0.3128656845721608,1183,0.19131399866370627
44,1793,-0.17726928920045093,1184,0.1691718214968828
45,1794,-0.06866733256468101,1184,0.12071685959758514
46,1799,0.06844521008397525,1184,0.07462918108629202
47,1800,0.2419398886589808,1184,0.05551658921686921
48,1804,0.4040906993403789,1184,0.048705829541826506
49,1801,0.588451670898903,1185,0.0297496902353509
50,1798,0.8471926360916998,1183,-0.014566642833210491
51,1801,1.1488745994801308,1184,-0.07488617652089594
52,1808,1.5359036216003976,1184,-0.141377638498117
53,1806,2.0335591844166214,1185,-0.21702952043779714
54,1802,2.6619184027682516,1185,-0.23905651550886364
55,1803,3.3943926304006244,1185,-0.20862232124558908
56,1810,4.010896531650009,1184,-0.2228622802937962
57,1812,4.488423418360201,1186,-0.2438665726474666
58,1810,4.915621870040941,1184,-0.19869063505340562
59,1807,5.3910134663382365,1184,-0.16860339813469336
60,1810,5.916852424241725,1184,-0.16834445094789682
61,1815,6.454079989312474,1185,-0.13522014476860714
62,1814,6.975852829109326,1186,-0.08772928557101539
63,1811,7.447879530192293,1185,-0.06095611113605189
64,1813,7.868810779542093,1184,-0.04231900094148777
65,1816,8.249704551761681,1185,-0.030861361941579096
66,1821,8.423395437919169,1185,-0.021091247583906108
67,1821,8.471342297106558,1184,-0.006626949601534736
68,1818,8.48688227138721,1185,0.002488441981418163
69,1818,8.363380634263693,1185,0.002789249388261087
70,1823,8.133427015607808,1184,-0.0007067217538221753
71,1827,7.92652490995842,1185,0.02498164602081244
72,1825,7.6698169817710395,1185,0.07523197137993165
73,1822,7.259691363749414,1183,0.09520986938237373
74,1823,6.80415122144892,1185,0.0891095194661212
75,1826,6.330440216702876,1185,0.0965016893542714
76,1825,5.6640085735177115,1185,0.0862804244627971
77,1821,4.900098435186213,1186,0.05638281090230596
78,1812,4.174893170119341,1185,0.056534995630524984
79,1814,3.3593040634582683,1186,0.06913233100708757
80,1810,2.4737708948497223,1184,0.07119787906471586
81,1802,1.6596130130796145,1186,0.07201066477696688
82,1798,0.8801158443444868,1184,0.05712551500729616
83,1795,0.058887064364227415,1185,0.021984219527670712
84,1796,-0.766797070299517,1184,0.0002794544229677634
85,1795,-1.5595234240459845,1186,-0.022625583644155692
86,1790,-2.2927137422307355,1184,-0.06401574083622638
87,1783,-2.9653101431317888,1186,-0.06446668120502173
88,1781,-3.5996533305599323,1185,-0.011591981173934802
89,1787,-4.204240207686489,1185,0.01652139029992739
90,1785,-4.695859667212636,1185,-0.003909033291852813
91,1782,-5.115297362421776,1185,-0.007222598560111114
92,1781,-5.4774529938013,1185,0.01570934199340933
93,1783,-5.738525510197548,1186,0.03614099231832418
94,1789,-5.962197776966448,1185,0.07051447487438883
95,1785,-6.180059333669337,1185,0.08753247763272265
96,1781,-6.312864141966722,1185,0.05032195353177104
97,1782,-6.360496294708066,1183,0.027388115765628163
98,1788,-6.287111338062889,1184,0.020862462575366267
99,1789,-5.987599053256353,1185,-0.021696980875965027
100,1787,-5.622193666040649,1185,-0.038629717917639965
101,1786,-5.253324610930532,1184,-0.02784372252798635
102,1791,-4.812137606689347,1185,-0.05980841094340923
103,1796,-4.395711023708859,1184,-0.08495142833225694
104,1796,-3.9692317717740075,1184,-0.07644585846669076
105,1793,-3.55825253680362,1185,-0.09204241683291245
106,1790,-3.3091163422386853,1184,-0.10529461072622619
107,1794,-2.9523011526704988,1185,-0.0978675794002487
108,1800,-2.46294211423127,1186,-0.13503022258076028
109,1797,-2.0119761737610067,1186,-0.18916841722557604
110,1795,-1.6492051936921601,1184,-0.19170872396263758
111,1794,-1.2054590386328266,1186,-0.19583175167660816
112,1799,-0.8013704011149991,1185,-0.23127706442722806
113,1799,-0.5011139044578733,1184,-0.24192681097294413
114,1796,-0.3212817900975312,1185,-0.24162237268074277
115,1794,-0.24202201271401985,1184,-0.26929069224786806
116,1795,-0.23846663248383404,1186,-0.307498246367757
117,1800,-0.22194611477687085,1184,-0.3250252408361056
118,1798,-0.226541357844311,1183,-0.29760262317904673
119,1796,-0.27155432085253206,1184,-0.25795631720168205
120,1797,-0.27677990636936056,1183,-0.2507630398035409
121,1802,-0.3494884358798481,1185,-0.24351825062647584
122,1807,-0.4961092415806365,1185,-0.23150296150953317
123,1806,-0.6118226327550582,1184,-0.2631064275249593
124,1800,-0.698959055850779,1184,-0.3101096765496879
125,1803,-0.7752585116820505,1184,-0.31698890669848445
126,1809,-0.7994986523741833,1183,-0.30621540032624184
127,1810,-0.8193151259914592,1185,-0.28346295191423865
128,1811,-0.8435430488821184,1185,-0.25069231313597806
129,1806,-0.7166705354207142,1184,-0.27479884128830506
130,1812,-0.4179213426116265,1185,-0.3002978161582741
131,1814,-0.13166473182201205,1184,-0.2665988486545448
132,1815,0.09890347658149977,1184,-0.272606823062641
133,1813,0.4205140430997864,1185,-0.297892418198079
134,1813,0.8995047159491373,1185,-0.24740545522541646
135,1821,1.4722786752930865,1184,-0.18939392442529265
136,1819,2.0964726865847667,1184,-0.16424607612491257
137,1818,2.8214448891825237,1185,-0.13555790390187436
138,1817,3.607477853790195,1185,-0.10551080890589164
139,1817,4.396416793027076,1184,-0.058633135686737184
140,1825,5.0735134513807045,1186,-0.022433818880297864
141,1828,5.74333329678924,1185,-0.00784029352024563
142,1823,6.372338886605392,1186,0.034435207533597086
143,1822,6.906005200986469,1184,0.0764471352032463
144,1825,7.4169969769103,1184,0.0871907162514264
145,1829,7.860924950522255,1186,0.10027724032342374
146,1832,8.184049763650831,1184,0.12487795119601477
147,1827,8.474007133436881,1186,0.16636799784301487
148,1829,8.830240141071034,1184,0.1980381879718327
149,1832,9.148880467776022,1186,0.1890067997188184
150,1835,9.232005720263496,1186,0.17913250003195738
151,1832,9.174842461704253,1185,0.17509300653512944
152,1830,9.055523601890945,1184,0.1708883786206539
153,1837,8.850676123965968,1185,0.21263419671386533
154,1838,8.594770257306019,1184,0.2671427407930398
155,1835,8.246574168179235,1187,0.28945847254117046
156,1834,7.776982334277616,1183,0.2922701696807709
157,1833,7.250876472910841,1185,0.263381186587158
158,1835,6.613165615230557,1187,0.22917600229680168
159,1837,5.915929359538516,1184,0.2316962959503651
160,1833,5.254213053066954,1186,0.23074745449993767
161,1828,4.594929248165871,1184,0.21331480663827396
162,1823,3.8246033949407297,1186,0.2104331779826379
163,1823,3.003360586046894,1186,0.21813824387883082
164,1822,2.08408981575495,1184,0.22262361998109348
165,1812,1.1435844499952093,1185,0.1901828790993687
166,1804,0.32623003718957205,1186,0.13075582878960743
167,1803,-0.35494068437541876,1186,0.11735332229129236
168,1805,-0.9888695881951117,1185,0.1224634640271211
169,1803,-1.5908809746235137,1185,0.0786418068787201
170,1797,-2.221041606028592,1185,0.0335967246093451
171,1800,-2.8033459377620016,1184,0.018090162021703157
172,1800,-3.2611031976464284,1185,-0.003552139338980428
173,1801,-3.6418607114152226,1185,-0.027298406880178983
174,1797,-3.986624304917215,1186,-0.051412935294237884
175,1794,-4.268198500519798,1186,-0.08892622169331414
176,1795,-4.548204774263139,1185,-0.10555144498596272
177,1799,-4.81854578355569,1185,-0.09231200349176258
178,1802,-4.9500093331790564,1184,-0.1258099029827582
179,1799,-4.942596130171717,1184,-0.2181550997678507
180,1798,-4.949589786657155,1184,-0.24485819154893212
181,1800,-4.936606056273694,1185,-0.2098679801333743
182,1806,-4.7614837566372845,1185,-0.21986601074805762
183,1806,-4.544785846680641,1186,-0.21089726997918898
184,1804,-4.325502135197199,1184,-0.13499318922847317
185,1803,-4.042815153699533,1186,-0.11618137313428552
186,1806,-3.6004228711017925,1184,-0.16898939532238486
187,1810,-3.0885249814930225,1184,-0.17239161388301666
188,1808,-2.620045910340055,1184,-0.11618667356741136
189,1808,-2.245294470274727,1184,-0.0727099166715121
190,1809,-1.970675920493724,1184,-0.07620738126657628
191,1811,-1.6046930442784049,1187,-0.08252580527316988
192,1812,-1.278395717698633,1185,-0.034011567225251595
193,1806,-1.0226610847098252,1185,0.048209845293705894
194,1803,-0.8219184804367654,1185,0.1203385056565778
195,1806,-0.6722102631090492,1185,0.18155588269025355
196,1811,-0.5494378483889484,1185,0.21259787508899278
197,1809,-0.3781454437866828,1185,0.22017458097463136
198,1805,-0.2710583968656613,1185,0.23958899014779314
199,1803,-0.27777755111339275,1185,0.2455479348019252
200,1807,-0.29974821192297446,1186,0.24148589313149454
201,1811,-0.37220044906371924,1187,0.2711239042941478
202,1811,-0.5673642559206319,1184,0.28999811005533105
203,1805,-0.7517285757898937,1186,0.2770766776682505
204,1810,-0.8449020565066196,1187,0.28576701532650767
205,1814,-0.9357962502084021,1187,0.29913866097229286
206,1815,-1.0265399260835755,1185,0.27644146012136095
207,1812,-1.103035297793514,1185,0.2782747705678476
208,1813,-1.1958601273501386,1185,0.3123414702186175
209,1818,-1.2295234717570087,1184,0.2959599709911486
210,1822,-1.1229351218704042,1185,0.26282478676279497
211,1820,-0.9859586647522394,1187,0.27566466807663026
212,1816,-0.9225743457361468,1186,0.2614920254184068
213,1816,-0.8480880902566713,1184,0.19343094685512982
214,1821,-0.6479744424085885,1186,0.12909606871759377
215,1826,-0.2864777165413416,1185,0.053213728787256775
216,1823,0.16343542948449996,1186,-0.004790778048843855
217,1820,0.6287678448003389,1186,0.017956335122399802
218,1823,1.1908105515271943,1184,0.0605639445730725
219,1829,1.8599064718340095,1184,0.046887087186705326
220,1832,2.4879835502370335,1184,0.01050651688632423
221,1827,3.1483425989252583,1184,-0.013699030615268615
222,1827,3.920394814267911,1185,-0.042163254692240255
223,1829,4.60631054569007,1184,-0.0774509910402829
224,1834,5.132729473712358,1185,-0.11458119611200213
225,1833,5.681183041657992,1187,-0.14703938909594394
226,1828,6.1662043541273475,1185,-0.14330026322545736
227,1835,6.673844731982191,1186,-0.12057507303507099
228,1836,7.138599578665699,1186,-0.12821672149458696
229,1838,7.52128342721396,1185,-0.13529932745815323
230,1836,7.827983158768956,1184,-0.08640875320579715
231,1833,8.071423891925798,1185,-0.004277014299861298
232,1836,8.194504972309195,1185,0.05020645815126813
233,1842,8.21693528312167,1184,0.055195834436358
234,1843,8.206324569985545,1186,0.03338942667431858
235,1838,8.1292415821639,1186,-0.003173593241950717
236,1835,8.042621446966816,1185,-0.005373623579469317
237,1843,7.833022077128288,1185,0.07283515939586675
238,1848,7.426648116574112,1186,0.15080546537199982
239,1845,6.833234687834112,1186,0.16803999581427181
240,1842,6.218448162103444,1186,0.16006958944841565
241,1841,5.622191112954683,1186,0.14791888980356047
242,1844,4.9601179225193,1185,0.14542995624226485
243,1846,4.199624681842546,1184,0.14833476253120415
244,1834,3.3789250624143286,1184,0.13500818225005037
245,1833,2.580571430058378,1186,0.10691941639167031
246,1830,1.7625399846970056,1185,0.06977219582777144
247,1829,0.950294224521072,1185,0.06894295042044077
248,1825,0.13524051479515087,1186,0.07001282268463296
249,1816,-0.6481074256972709,1185,-0.022097638218891234
250,1810,-1.413491952629848,1186,-0.09785617114734343
251,1812,-2.1413441009472702,1185,-0.08061938125319995
252,1811,-2.767385235355194,1186,-0.09676045054468908
253,1809,-3.3243975214949453,1184,-0.1405663173009143
254,1803,-3.861259770897104,1186,-0.14727751056338342
255,1802,-4.281427142219071,1185,-0.17170345887608743
256,1806,-4.614348808698406,1185,-0.21285874321331652
257,1808,-5.023086578535067,1183,-0.22597179400427783
258,1803,-5.4111686604830975,1185,-0.2259565072862083
259,1803,-5.6388629300148825,1186,-0.23320635291551592
260,1805,-5.760186362152208,1185,-0.2514747864222058
261,1810,-5.92903181782946,1185,-0.26941756303112047
262,1806,-6.081318042074334,1185,-0.29279330491064515
263,1807,-6.037076248779789,1182,-0.3219078157409845
264,1809,-5.87299234545201,1185,-0.31166119958684413
265,1812,-5.649087186383719,1184,-0.27744886677183134
266,1816,-5.2889158806111825,1186,-0.2756456925864694
267,1813,-4.899343032411718,1186,-0.2823763908624057
268,1814,-4.386912603663289,1185,-0.25732224076592836
269,1813,-3.849302667466634,1186,-0.2385027269533282
270,1820,-3.403821392625829,1184,-0.25378043564389036
271,1821,-2.985784854842605,1185,-0.27430410027182084
272,1818,-2.5748865952821935,1184,-0.2719161138492958
273,1816,-2.2603212517024347,1183,-0.24865490334190818
274,1818,-1.876758196341756,1186,-0.21716919796426853
275,1822,-1.2960177904188304,1187,-0.18219611080280806
276,1822,-0.9100802098990242,1184,-0.15020116862723845
277,1815,-0.6386852016535989,1186,-0.1313232100448406
278,1817,-0.37710248630840254,1186,-0.11157128186218958
279,1822,-0.1298305658935437,1186,-0.07261292660833031
280,1819,0.030996387363657174,1186,-0.00734470898756677
281,1817,0.07405585027520145,1185,0.07750422906087687
282,1818,0.05773055089060597,1185,0.12014616532765701
283,1819,0.047948359206186814,1185,0.10363151275730559
284,1823,-0.003170151634457455,1183,0.12176678319321932
285,1823,-0.07800778336031085,1186,0.18785811098818658
286,1821,-0.16262309301142408,1186,0.23270199906362068
287,1820,-0.33274158814878774,1185,0.2555347601164086
288,1823,-0.5186181340407754,1186,0.26022564449158603
289,1827,-0.6094989994791083,1185,0.230252547488225
290,1829,-0.7087066354981701,1185,0.193129123223681
291,1824,-0.8981175220664132,1186,0.18476704305428698
292,1826,-0.9939463414238374,1187,0.20449655171493114
293,1832,-0.939289376280301,1185,0.2386566380709264
294,1834,-0.8739728970390381,1184,0.273367355806429
295,1832,-0.8176788478994801,1185,0.2658594206877663
296,1834,-0.7311549514929594,1187,0.2082680064234762
297,1833,-0.5834888533639487,1186,0.16084840087387717
298,1841,-0.3393400441049137,1185,0.11694089383776143
299,1837,-0.09495505811534069,1186,0.054531914125174503
300,1837,0.12586453129275485,1185,0.044376853458703555
301,1835,0.49550379184325966,1186,0.06978098794447077
302,1843,0.9648279449113641,1186,0.05616190648829435
303,1845,1.4310114129576252,1187,0.022457101344825627
304,1844,2.022167210193222,1185,-0.008885317030808651
305,1841,2.7063246726269807,1185,-0.017691629144115355
306,1843,3.3272898237435546,1185,0.014097157575152251
307,1849,3.813523651486353,1184,0.030587408819833
308,1850,4.330043480136591,1186,0.0057344869029167765
309,1848,4.826931904264652,1185,-0.03662468956053131
310,1845,5.289614226313983,1185,-0.07527492934042651
311,1848,5.796784441768138,1185,-0.06309592626315173
312,1854,6.343209700347232,1185,-0.015165801863995947
313,1852,6.789815145979185,1186,-0.0008955685001290833
314,1850,7.077345367146965,1184,-0.012995484032249316
315,1849,7.345568670104512,1186,-0.010575170001797227
316,1859,7.578439747024614,1185,0.003770616482827824
317,1858,7.632956626272773,1185,0.016575855505839857
318,1854,7.593210238705471,1185,0.026919544418916717
319,1853,7.452396855942831,1184,0.01711575199521647
320,1854,7.208033193249821,1186,-0.014120648463328314
321,1860,6.864232634090965,1186,-0.010561644870691972
322,1863,6.502957633008069,1187,0.04549207617350588
323,1858,6.117053803468314,1185,0.08277956373933125
324,1858,5.598683432699786,1185,0.08570395963491453
325,1861,5.008661993308373,1186,0.10179928081399012
326,1864,4.337984357266917,1185,0.12601869686169512
327,1860,3.5993779515955238,1185,0.14966631270371292
328,1856,2.791580887082585,1186,0.20217579925279722
329,1851,2.0207111411678533,1187,0.2589455438163486
330,1851,1.3307733779514943,1187,0.2711768311203984
331,1850,0.5909690437341608,1185,0.26530553660274525
332,1843,-0.1602602628894364,1185,0.280245669837922
333,1834,-0.8635383006755745,1187,0.29677571126259933
334,1832,-1.5177004106740513,1186,0.31181346424407447
335,1835,-2.109241940125295,1186,0.3418919413545928
336,1829,-2.6916392997869703,1185,0.3501958198061158
337,1824,-3.28930524992759,1185,0.3232785404874634
338,1820,-3.794641738517199,1185,0.2990946548985803
339,1825,-4.252685316102564,1186,0.2812419684448706
340,1826,-4.724445028558054,1186,0.25998355818802266
341,1825,-5.105910636308666,1184,0.23606500352624504
342,1822,-5.370740186127085,1186,0.19843185162019436
343,1822,-5.6213791987847666,1187,0.15585210292786922
344,1826,-5.879752832243955,1186,0.12297797312142891
345,1829,-6.105273475204978,1186,0.09772335487833814
346,1829,-6.319504656761147,1185,0.0839619850539334
347,1827,-6.430300771281381,1186,0.08951176642522503
348,1826,-6.353580383554067,1185,0.08974132244944939
349,1835,-6.179469410917672,1186,0.03441410198451917
350,1836,-5.878592941957118,1186,-0.02867530435253219
351,1832,-5.457462012957448,1185,-0.02519341548244788
352,1833,-4.998895699068917,1186,-0.033479124142622885
353,1840,-4.529009560914906,1185,-0.11080317834041249
354,1842,-3.9875161413239835,1186,-0.14255695048847242
355,1837,-3.5243090996446336,1186,-0.0890756185250766
356,1835,-3.1952145449874054,1186,-0.03843866523016888
357,1836,-2.897857599126168,1186,-0.015174555028465084
358,1840,-2.401191452740668,1184,0.001458420903808131
359,1841,-1.86248502987589,1186,0.008030510552757941
360,1838,-1.3046977048563697,1185,0.021105252157013768
361,1833,-0.8667311028330434,1184,0.056159248767458224
362,1838,-0.570337734984501,1187,0.08115877978954902
363,1840,-0.3800941161709006,1185,0.07278425195977499
364,1841,-0.2916617771450426,1187,0.05611615219030659
365,1837,-0.30437943767747505,1185,0.05509608092473304
366,1836,-0.35436704798427715,1186,0.033062660692506185
367,1840,-0.3682903512566139,1187,-0.009853177908474425
368,1844,-0.3561624466911703,1186,-0.0060317997702346166
369,1842,-0.3831096627240359,1186,0.034826219461256386
370,1840,-0.5200031391468404,1185,0.05570326875031772
371,1844,-0.6343389306981367,1185,0.07637061772904434
372,1848,-0.6628981010084505,1186,0.11847552459459232
373,1849,-0.7604804650902302,1186,0.14124355123435742
374,1845,-0.9270472545751184,1187,0.13393490093117752
375,1843,-0.9916368520325207,1187,0.1320336885511751
376,1846,-0.9913709502291445,1186,0.14639913125816634
377,1851,-1.0023680148127063,1185,0.14882503303023054
378,1852,-0.8933851711768873,1188,0.12967871258296218
379,1848,-0.6544717871297159,1187,0.10611665610155567
380,1849,-0.439644369247272,1186,0.0879087804909417
381,1855,-0.24131722174587147,1186,0.09752433848297185
382,1859,-0.016714102498421562,1185,0.1321480641233444
383,1855,0.2340873816186242,1185,0.15412832048079658
384,1852,0.6053478282713645,1187,0.16895148537514934
385,1853,1.0731420081519116,1187,0.16484199940682684
386,1858,1.528676015371292,1185,0.09822437816681384
387,1863,2.075143159794928,1186,0.03226707473829342
388,1858,2.735328134951436,1185,0.02797430901983447
389,1859,3.3983556394847,1187,0.032084521403670824
390,1865,4.078981644960388,1186,0.014609265820597173
391,1867,4.594536553459976,1188,-0.002519366323957037
392,1867,5.156122107499126,1186,0.0065867353714677696
393,1861,5.688802673735593,1187,0.05907227349015602
394,1861,6.203279795434856,1186,0.1177729326410018
395,1867,6.691011531294898,1187,0.1171348567808934
396,1870,7.163120178009974,1186,0.061604462275807986
397,1867,7.629209908165363,1185,0.01752117069686101
398,1867,8.031180040848108,1186,0.012178047211317468
399,1868,8.330709029325217,1186,0.02105395110245947
400,1873,8.541993123670398,1187,0.049978583086516364
401,1875,8.528099270975343,1186,0.08100232116619503
402,1871,8.298143999242086,1186,0.06096267568375017
403,1870,8.024390018058654,1187,0.062325115773961784
404,1872,7.768517312878652,1187,0.14744545069060339
405,1878,7.379337659921224,1187,0.19828228535017425
406,1877,6.874791267521058,1187,0.16598676871177506
407,1873,6.39835120885631,1186,0.11937030743697154
408,1877,5.928888136633654,1186,0.044011503386249214
409,1876,5.324188474140751,1185,-0.010735398183721531
410,1877,4.645333731904803,1186,0.04111846117200911
411,1875,3.8507722924644012,1188,0.09410319958144468
412,1867,3.06684945678316,1187,0.07381229226241218
413,1864,2.282334977994134,1187,0.04855225962834421
414,1866,1.469304506124751,1186,0.024560347569019828
415,1861,0.6812101271889314,1188,0.006678232874977329
416,1854,-0.04810457181055064,1186,0.012220309472215762
417,1845,-0.6666691433608443,1187,0.01916407319311615
418,1848,-1.174863669505198,1185,0.029550215356695796
419,1848,-1.7765067300489683,1185,0.0356941318054791
420,1842,-2.4995882548331902,1186,0.024863708944898925
421,1839,-3.142423884731683,1187,0.017727642692154114
422,1836,-3.684088044922203,1187,-0.003022416106196857
423,1840,-4.184523049837966,1186,-0.042123410308830225
424,1842,-4.619072916899744,1186,-0.05436961344680383
425,1836,-4.982748993515629,1186,-0.04481326075865502
426,1838,-5.293443889649857,1186,-0.04192552695280257
427,1843,-5.540978321900467,1187,-0.026009083367019778
428,1847,-5.730005520931501,1185,0.01899290687131626
429,1846,-5.891808695666798,1185,0.058928812219769394
430,1843,-5.958322132076476,1185,0.06449571182708139
431,1845,-5.937090767305068,1187,0.06955793053339897
432,1849,-5.859549647462728,1188,0.0892988936660857
433,1851,-5.607351061147696,1187,0.08740197335993996
434,1851,-5.220763317174065,1188,0.05503998141516728
435,1847,-4.846165606000616,1185,0.018025057211378055
436,1848,-4.321652125014934,1185,0.0012980041219431623
437,1853,-3.6765913163819817,1187,0.011189666842979493
438,1854,-3.193618976250481,1185,0.023321991538802093
439,1854,-2.8521292980106523,1187,0.021946033212773296
440,1850,-2.5051376676399513,1186,0.03150774360389062
441,1854,-2.1778145509227773,1186,0.044490813165600454
442,1856,-1.605026103661791,1187,0.04050059753850934
443,1849,-1.0917264954824066,1186,0.042845418539886194
444,1850,-0.6707607348956603,1186,0.0244353594235844
445,1851,-0.3840715374510155,1187,-0.050160196617263474
446,1855,-0.13382872011815797,1187,-0.08558969382860875
447,1858,0.03905593821349217,1187,-0.04844794256590548
448,1853,0.07668177886569146,1187,-0.04530441356156064
449,1853,0.025716967249682837,1186,-0.06337116156401332
450,1851,-0.07877753107152757,1186,-0.04321005968975171
451,1856,-0.21871166590766639,1187,-0.04429991741886717
452,1858,-0.32282428674899355,1185,-0.05804847717731049
453,1856,-0.3699187300231107,1185,-0.034939797184732085
454,1854,-0.4024621186141786,1184,-0.05478010085788172
455,1857,-0.43745871477590936,1187,-0.13671894067236223
456,1861,-0.4793566416987003,1186,-0.17454153997416055
457,1863,-0.49195059057098073,1186,-0.15696678067665015
458,1859,-0.5014570675071142,1186,-0.1334680646101371
459,1859,-0.535374516766295,1186,-0.07388492193516086
460,1865,-0.5211179579594548,1186,-0.022413852755571655
461,1864,-0.43190191648389675,1185,-0.06361287469731454
462,1861,-0.3177135260431324,1187,-0.11638811443490278
463,1863,-0.18582162870385352,1186,-0.122284301961063
464,1866,0.01570440985858161,1186,-0.1413874571157536
465,1872,0.3584588774333085,1186,-0.17240431293171687
466,1873,0.8370447897085851,1186,-0.20144686461066316
467,1869,1.3911694224757154,1187,-0.21348722013592342
468,1864,1.884451113811791,1186,-0.16944769167816393
469,1871,2.3617799812439793,1186,-0.11819022956908756
470,1876,2.844199814961547,1187,-0.1030186056557763
471,1875,3.3513268784129258,1187,-0.08956061865862673
472,1871,3.910662237926966,1186,-0.06999315440335388
473,1873,4.54600773311947,1186,-0.036870352299189314
474,1878,5.165941913795229,1188,-0.001154162045488294
475,1881,5.7412453998505395,1184,-0.0003433681572645869
476,1878,6.222264965432869,1187,0.03099162804060272
477,1875,6.56332944215745,1186,0.11184631881644382
478,1878,6.8054791945881075,1186,0.12205636469289717
479,1882,7.042948377566799,1186,0.07129968486274656
480,1881,7.198696142151868,1187,0.06624096224281147
481,1879,7.205438440609119,1186,0.0878688036486385
482,1880,7.156331659856035,1186,0.08676062142876462
483,1882,7.072353566946967,1186,0.075252325170577
484,1890,6.859347270642555,1186,0.06687814768925812
485,1887,6.552318329753822,1185,0.04001622386333639
486,1884,6.1915796490410315,1187,-0.006919237802676004
487,1884,5.6629946793889765,1187,-0.03543281371658117
488,1888,5.0711081733859364,1186,-0.06670148572063404
489,1892,4.474969587054138,1187,-0.13028896930819459
490,1886,3.8196320349689774,1187,-0.1735792847894294
491,1879,3.2171092457573796,1188,-0.1926278542215832
492,1879,2.7543713516951707,1187,-0.21538512973888524
493,1883,2.1546287470977843,1186,-0.2106247205818489
494,1878,1.356996968004528,1185,-0.22489057082694364
495,1871,0.5537776026492192,1186,-0.26514341817049114
496,1865,-0.14229490051134203,1187,-0.2343442110984786
497,1868,-0.8262380673736062,1187,-0.20276146828619673
498,1862,-1.4931277312090736,1187,-0.23605871002466233
499,1859,-2.127645185038836,1187,-0.2108118844194445
500,1853,-2.733259525316458,1187,-0.16465183826094787
501,1852,-3.239777419660921,1187,-0.19515656890820945
502,1857,-3.660313315456606,1185,-0.18779198851401813
503,1859,-4.075540188539316,1186,-0.12560042424066759
504,1853,-4.451721258893478,1188,-0.08781333505448671
505,1851,-4.796497875946268,1184,-0.03980156496996207
506,1853,-5.124680051853674,1187,0.011573209057066255
507,1858,-5.399291235053159,1186,0.035923987860355194
508,1858,-5.657127892543176,1186,0.06955604602779392
509,1855,-5.887690492654563,1187,0.11056975520084783
510,1856,-5.893540523424306,1186,0.12869484338056605
511,1860,-5.704218530368172,1188,0.12944441197509077
512,1864,-5.517065693248431,1186,0.1333801327757129
513,1863,-5.3584032251274545,1187,0.15322217152262282
514,1860,-5.089229969882807,1189,0.18210307880352364
515,1868,-4.673912999242083,1187,0.2152199964257077
516,1868,-4.210319596664217,1187,0.2495660147435314
517,1866,-3.8020166092203542,1187,0.27432325309964717
518,1864,-3.41473295193942,1187,0.2650637757514265
519,1864,-2.9553065018000964,1187,0.23171876434229235
520,1869,-2.551682136166668,1188,0.19756715076863518
521,1871,-2.116183791298361,1187,0.15610823659245104
522,1870,-1.5994239256961715,1187,0.14393271905906369
523,1867,-1.1861478332673463,1188,0.1774472461177971
524,1865,-0.9341144826601757,1188,0.19365517146088704
525,1872,-0.6837873702838092,1186,0.2088665014783092
526,1872,-0.5312862622491834,1189,0.2586941209276331
527,1869,-0.5451609672589497,1187,0.2545818558130348
528,1866,-0.5189036346054623,1186,0.19293099436281005
529,1868,-0.3522234018793161,1187,0.14441846631970717
530,1872,-0.26090813918400635,1185,0.08692962346497843
531,1872,-0.2753602530221745,1187,0.041677205273196335
532,1871,-0.29777202907878164,1187,0.033777952370721204
533,1869,-0.26629604272621954,1185,-0.011314286402940243
534,1876,-0.15786975089112265,1187,-0.07581699559794036
535,1876,-0.03719908384155018,1185,-0.09452964180359724
536,1873,0.03498560834981493,1186,-0.10394658100525997
537,1870,0.13057502907006466,1187,-0.12419926239628237
538,1874,0.3146009876693531,1186,-0.15032318900127326
539,1878,0.5177551671846152,1186,-0.16150864165474266
540,1881,0.8181552519831076,1185,-0.13778486127238437
541,1878,1.3462792648766935,1186,-0.12144476743229138
542,1876,1.928243455801826,1187,-0.1436824168910915
543,1880,2.4405878787616864,1187,-0.19078018392281854
544,1883,3.0421974734765165,1188,-0.25400353847880586
545,1884,3.7474364552678474,1186,-0.28454016707353014
546,1882,4.463525175264208,1187,-0.26889662444049117
547,1879,5.238658717719724,1188,-0.28525052425536584
548,1886,6.0030417250478525,1185,-0.3096606695633683
549,1889,6.654541263078661,1187,-0.26793796828669636
550,1888,7.265795090716251,1186,-0.19723925227307618
551,1885,7.827235339339415,1185,-0.12468085054528924
552,1890,8.18809623905351,1187,-0.056843195450095516
553,1893,8.38616252837176,1186,-0.015342829074417492
554,1893,8.550675640644872,1188,0.029002223792317525
555,1891,8.643821891634927,1188,0.07664670708970443
556,1891,8.580031649105218,1187,0.10503838886531533
557,1893,8.371893948351833,1185,0.15618502240956317
558,1897,8.097915662144342,1187,0.19448226978234692
559,1895,7.807290706363721,1188,0.18384123331128455
560,1892,7.467120192498,1185,0.18617828425126823
561,1894,6.919341752096603,1187,0.20221622464990352
562,1896,6.212644256381332,1186,0.21434004515639846
563,1901,5.519576986246634,1186,0.2518931002773206
564,1897,4.820090654060312,1186,0.2832071186797568
565,1895,4.03713538280399,1186,0.2745576288797953
566,1892,3.249936577141974,1186,0.23551609752202882
567,1892,2.4710431529571695,1186,0.1956166289696992
568,1893,1.702572303371651,1188,0.2176691841808695
569,1885,0.9202431251094454,1188,0.2971449049110674
570,1880,0.11438986840162207,1188,0.3148985530978038
571,1881,-0.6233636180329513,1187,0.2999530411967659
572,1879,-1.3213211431380791,1188,0.37260057158329396
573,1875,-2.039470301859254,1188,0.4334740788979096
574,1871,-2.6470522732618957,1188,0.3981190460822191
575,1868,-3.210570884752792,1186,0.3781140468916996
576,1870,-3.7848132269448076,1186,0.3842617429474181
577,1877,-4.224357755089621,1187,0.35314573745441385
578,1873,-4.5517980274121035,1188,0.32791246177287053
579,1870,-4.928242426092654,1187,0.3322800223333474
580,1868,-5.264431587589183,1186,0.36922336580018705
581,1874,-5.49310814830617,1187,0.4152714288208142
582,1878,-5.732081239854568,1186,0.39408706218898204
583,1874,-5.915096659460383,1187,0.33044056052177306
584,1873,-5.979458229174853,1188,0.3272906694356849
585,1876,-5.988856716871181,1187,0.35119413724395177
586,1883,-5.957107492290532,1187,0.32552042393514163
587,1884,-5.799382562945531,1186,0.2884466490460185
588,1879,-5.561315585082665,1187,0.24524799615096554
589,1880,-5.280278610914673,1186,0.15285602632346376
590,1886,-4.89850294469146,1187,0.06582874211528983
591,1888,-4.430083737023317,1187,0.02098766120475093
592,1885,-3.9833890780801413,1188,-0.0744073888337357
593,1882,-3.5667113659044714,1187,-0.20637182882652622
594,1883,-3.133779923482808,1185,-0.2603837701819391
595,1889,-2.6937782084839474,1188,-0.27673427668090417
596,1888,-2.285007253645676,1187,-0.3099901776180126
597,1884,-1.9685150152331772,1186,-0.3278942839103396
598,1884,-1.7264111533590716,1185,-0.32863884172990115
599,1884,-1.430132081087344,1188,-0.3279797981723407
600,1889,-1.1345635833395544,1187,-0.3350008488886094
601,1890,-0.966209734946739,1186,-0.38111913326182056
602,1882,-0.8199963671574608,1187,-0.4396394269850262
603,1885,-0.5280734047653017,1186,-0.45764112961473274
604,1888,-0.13315218423436997,1187,-0.44984117350853375
605,1892,0.2571178440273112,1185,-0.435429392610862
606,1885,0.6475287743079801,1187,-0.4192647559194263
607,1889,1.155243828438594,1187,-0.4073806273511564
608,1892,1.8324373229423387,1187,-0.3847446606529436
609,1895,2.6164271104003394,1187,-0.33035987485307206
610,1896,3.47859460953458,1186,-0.26736406237276417
611,1894,4.427048898589191,1186,-0.20527641366230387
612,1894,5.534633422604729,1186,-0.11847121708633909
613,1897,6.825331737188367,1187,-0.029995742020846594
614,1903,8.062034811229873,1187,0.015964973669951144
615,1902,9.307019322352652,1188,0.031732870929292216
616,1900,10.565623962764963,1186,0.05835462513607542
617,1901,11.872941071306442,1187,0.12771529801654738
618,1907,13.015421222607591,1189,0.2246168330431861
619,1910,13.882120276812868,1188,0.28469399332369993
620,1908,14.589708987695863,1187,0.31357713485818084
621,1906,15.17177141637956,1189,0.39296709948662717
622,1912,15.538709706469437,1186,0.46534025037888915
623,1918,15.732383998914855,1188,0.44790019785349805
624,1914,15.766895642916623,1188,0.4360631668505546
625,1915,15.55107884507748,1188,0.5021671162117602
626,1915,15.21171891208963,1189,0.555922343917439
627,1921,14.787784080252317,1188,0.5647906062548412
628,1924,14.159795194083408,1189,0.5845372280561587
629,1922,13.355588527214787,1189,0.6094567581368182
630,1918,12.457570957079671,1188,0.5931877435856039
631,1918,11.431441497664974,1188,0.5532919361458397
632,1919,10.344422072673066,1188,0.5478418349284838
633,1919,9.290337067155214,1188,0.5582410546326079
634,1911,8.149641179217305,1187,0.561341059908459
635,1906,6.939766017727316,1188,0.5511097922459048
636,1901,5.771800258319652,1188,0.5048928657457691
637,1901,4.577572906428388,1186,0.45819005602634316
638,1892,3.2611352348903004,1186,0.41429724245219335
639,1881,1.961112779318824,1187,0.331771902848067
640,1875,0.7418716062596306,1188,0.2750868183822247
641,1875,-0.41247035804396637,1188,0.2332973987072693
642,1870,-1.488436288296679,1187,0.13076398049945218
643,1866,-2.495108894324313,1187,0.08640994712754684
644,1865,-3.4688479265699383,1187,0.11427704604015194
645,1866,-4.392781018555932,1186,0.0687943028035794
646,1869,-5.208225979332639,1187,0.014931517355031235
647,1871,-5.933052350814233,1186,0.004214377105789728
648,1868,-6.556407985103196,1188,-0.045651273301695064
649,1867,-7.127568254830539,1187,-0.09560286541508274
650,1871,-7.646686554837021,1186,-0.1271081107493558
651,1876,-8.044081034703161,1187,-0.1938195431944865
652,1875,-8.286596194273425,1186,-0.22844152948908253
653,1872,-8.36707416954239,1187,-0.19366913209068415
654,1874,-8.236465754739251,1186,-0.1556303402880434
655,1879,-7.9410719330692245,1187,-0.14110680685876548
656,1885,-7.549367906274791,1187,-0.14378271341913795
657,1878,-7.049252860508813,1186,-0.14705155658531588
658,1879,-6.486814127131503,1186,-0.15002186208188145
659,1879,-5.85898454873013,1186,-0.18448410513551633
660,1884,-5.114173494722259,1186,-0.21376031310916976
661,1881,-4.375806889184577,1186,-0.1844382528903392
662,1877,-3.6749619867713537,1186,-0.1694611338791774
663,1880,-2.950810247784349,1185,-0.22977093416418065
664,1879,-2.3215333530870543,1187,-0.285411154131686
665,1883,-1.7302517244085915,1187,-0.29162767179740773
666,1881,-1.245426275649344,1186,-0.26613100059439854
667,1875,-0.8772488646853421,1187,-0.2290895775505751
668,1873,-0.7095731893755479,1186,-0.20894452537149466
669,1877,-0.5102941453532389,1184,-0.18525611607341802
670,1879,-0.20436605860971768,1187,-0.14263075324365404
671,1877,0.03816367538648069,1186,-0.10827627519928168
672,1869,0.2867794456242773,1185,-0.0912312436725014
673,1875,0.7326725853271289,1186,-0.055191973831135804
674,1878,1.2447307229195357,1185,-0.0061349213560299536
675,1879,1.698514025152276,1186,0.04365187148997638
676,1877,2.2222664290786094,1187,0.06322292047276924
677,1875,2.8889104655379114,1187,0.019219705944864593
678,1880,3.646386972724175,1184,-0.01925603009020128
679,1881,4.449067418586027,1185,0.01413105869267993
680,1879,5.303347429827479,1185,0.0401763431273785
681,1878,6.149400631875935,1186,0.045949098547305244
682,1878,7.006743731526154,1185,0.09580693155408865
683,1884,7.825981634748573,1186,0.1272830122522865
684,1888,8.586889578056276,1187,0.11649436393799155
685,1884,9.327324857594538,1186,0.12836050449660188
686,1882,9.927245308442833,1186,0.1646912596117719
687,1887,10.277300428808076,1185,0.19864988980823575
688,1889,10.602110686911859,1188,0.18467087296650356
689,1890,10.892650555861866,1186,0.14495373625750924
690,1887,10.956782676353555,1187,0.167518320446027
691,1886,10.939450125209978,1186,0.2071202911356463
692,1892,10.94001013086904,1186,0.21515535399362823
693,1895,10.76751613150976,1186,0.23712767686050606
694,1892,10.3509826834382,1186,0.23523504396896938
695,1887,9.837820266402577,1185,0.19737041152943943
696,1888,9.29826413781455,1185,0.1831475140616934
697,1893,8.613556828390173,1185,0.16192492701722944
698,1887,7.784399764976147,1185,0.1117778855515249
699,1883,6.8768620764791395,1185,0.0708530008896225
700,1880,5.906570164340369,1185,0.04875041167482427
701,1881,4.895161799522991,1185,0.05264693508078485
702,1878,3.9358705559965936,1187,0.08668461294885393
703,1874,2.9832732141185136,1188,0.10505434147537594
704,1863,1.944844093403199,1185,0.07252676534463516
705,1860,0.8799447169456027,1185,0.0302226039086035
706,1859,-0.11689022741014898,1187,0.019619511765748054
707,1861,-1.0990109332874607,1185,0.001351482166533087
708,1853,-2.14566337699286,1185,-0.04173173862626012
709,1849,-3.0900968920156284,1187,-0.050042018444417455
710,1848,-3.8349639909666253,1185,-0.015315680972450145
711,1851,-4.528333456349001,1185,-0.004089164568797932
712,1854,-5.152714349260528,1185,-0.02733409300725146
713,1849,-5.726793403285489,1185,-0.01767674590691777
714,1845,-6.264196553383725,1187,0.040401170857473766
715,1854,-6.678903322825109,1185,0.07621730332615437
716,1854,-6.98711378879162,1185,0.10032139313649684
717,1852,-7.250222911582725,1186,0.14660620905405397
718,1847,-7.395373848539012,1185,0.19249608193487636
719,1850,-7.361921965828466,1186,0.24666099715757478
720,1853,-7.206745928618189,1185,0.27380632189275006
721,1856,-6.966145932292188,1186,0.23212507673121993
722,1853,-6.605662576291212,1187,0.17941349989551925
723,1850,-6.22038994368049,1186,0.14630682391105457
724,1853,-5.834002814201456,1187,0.10018055981243686
725,1857,-5.35272213966306,1186,0.06978335550906146
726,1860,-4.793531805442987,1185,0.06303432816523717
727,1852,-4.2620103591478,1186,0.0776489205824049
728,1851,-3.731650925580256,1186,0.14060139230414756
729,1855,-3.1854966808517715,1185,0.19943407420988674
730,1858,-2.6915131365130582,1186,0.19949625723776154
731,1855,-2.286529746194221,1185,0.19605937890791003
732,1851,-1.8717424640045,1186,0.20424863631083098
733,1853,-1.4705913457944746,1186,0.18470323424148777
734,1857,-1.1077412760833694,1186,0.17848581101258149
735,1854,-0.8277606690594356,1185,0.2126311323812069
736,1852,-0.659674376477942,1186,0.23612540561008338
737,1847,-0.47904301917450126,1186,0.22070439049033888
738,1851,-0.16791572722513937,1185,0.1938670522739089
739,1855,0.16007762560347122,1186,0.1862790909754248
740,1854,0.5350254978868783,1184,0.16614004450130124
741,1849,1.0324405230612843,1187,0.12006673142927192
742,1851,1.5767274364078403,1184,0.11781164816658009
743,1854,2.193805623384537,1185,0.13758763290241996
744,1858,2.954009692867861,1185,0.10599120669520079
745,1856,3.7586383482126466,1184,0.07245222444671033
746,1853,4.631727097422298,1188,0.08119018071366699
747,1854,5.675393294027507,1186,0.08679424207761978
748,1862,6.748287171549195,1187,0.08421592049119422
749,1863,7.666607114674622,1187,0.09469754413199044
750,1859,8.630586517329785,1186,0.11260284149008111
751,1859,9.61452740823687,1186,0.11868252699349664
752,1863,10.584064108740483,1184,0.11898669159655703
753,1868,11.477812275575904,1185,0.12011469133509986
754,1865,12.25076636544612,1186,0.11492888865387363
755,1863,12.914535593391165,1185,0.10475095427022475
756,1862,13.417424038840894,1186,0.09202126736861743
757,1865,13.788812522941688,1186,0.08217746415615068
758,1870,14.124612119144304,1187,0.10476988110655311
759,1866,14.447292154331846,1185,0.13733207490766752
760,1866,14.588446751214258,1186,0.12890603176393267
761,1868,14.572931254120801,1185,0.105420494495696
762,1873,14.485040307373126,1185,0.0992700453891145
763,1874,14.112532634235993,1186,0.11103139232854652
764,1870,13.549480600660567,1185,0.12466860148702405
765,1866,13.000832966567293,1187,0.10051772373342552
766,1869,12.370739128371643,1187,0.058527908928044464
767,1871,11.609948700954257,1185,0.046461527539035936
768,1867,10.805954077813812,1185,0.05381767437688026
769,1856,9.937313387472326,1186,0.040896741434376216
770,1855,8.971927501344174,1187,0.0027546028453808227
771,1853,7.904592861671394,1184,-0.03933950842281389
772,1848,6.7360021765355915,1186,-0.05872563251594577
773,1841,5.523695809138659,1186,-0.05657835520666169
774,1834,4.390729456568696,1186,-0.025726739102231062
775,1831,3.305793638817065,1186,0.027758444058758575
776,1831,2.244158787424759,1186,0.06982239857044484
777,1830,1.209423353348976,1185,0.07428048129511791
778,1823,0.20297579873190996,1186,0.021018609748213814
779,1819,-0.6828788717844884,1186,-0.021336691956566414
780,1823,-1.413066822768362,1186,-0.005272106884969978
781,1826,-2.131348827841732,1186,-0.020293371713662127
782,1824,-2.9829585732690616,1186,-0.06472069037460401
783,1818,-3.829397757165317,1185,-0.04594098983558632
784,1816,-4.527393570122433,1185,-0.005171601722947398
785,1820,-5.103226245923742,1186,0.0009704012338544558
786,1823,-5.53481221015224,1186,-0.012238147604703518
787,1815,-5.83434907632283,1186,-0.05258584807654636
788,1818,-6.04174884265435,1186,-0.09403899416450683
789,1822,-6.106444142647578,1185,-0.09572580663498621
790,1823,-5.875928586474558,1186,-0.07077419299067209
791,1822,-5.573936362034999,1187,-0.012238144408894633
792,1820,-5.256498466805547,1186,0.04852945280106568
793,1816,-4.805338626311144,1185,0.014839598421591695
794,1821,-4.302163135386185,1185,-0.04425856315747398
795,1823,-3.8789047179014546,1185,-0.013367539480677867
796,1824,-3.475307445409701,1186,0.016457078681409266
797,1820,-3.092035479498054,1186,-0.0182526974449258
798,1820,-2.7536908293106532,1187,-0.025349365144729123
799,1824,-2.3783252155596712,1185,-0.00885256049113468
800,1823,-1.997406444565445,1185,-0.005515304807582968
801,1820,-1.8240767107042282,1185,0.018074436265620837
802,1817,-1.6176179518216205,1185,0.028270475963434145
803,1821,-1.3450639038189824,1186,-0.0036003667125700497
804,1823,-1.112455110277697,1186,-0.003220765257303402
805,1816,-0.8912791612075985,1185,0.02268585351118746
806,1815,-0.6708738352859651,1185,-0.005737297408733948
807,1817,-0.41812019683053336,1187,-0.03919598607483435
808,1823,-0.10944160401310037,1185,-0.013209697002699299
809,1825,0.2102666847239405,1185,-0.010333743335385736
810,1822,0.49786952799357825,1185,-0.0731042170557723
811,1820,0.8468130921518738,1186,-0.11868267172959625
812,1819,1.2390055956147323,1186,-0.12162848618478472
813,1827,1.6762797693913196,1187,-0.10839660419486721
814,1829,2.3022925639991736,1185,-0.10124349133961491
815,1822,2.9369288274952146,1185,-0.12185245528497227
816,1821,3.562880237117741,1184,-0.12609881464411837
817,1825,4.3671427266961445,1185,-0.1026550509760006
818,1830,5.13946226974207,1186,-0.1024693351818424
819,1828,5.782030230720447,1186,-0.1273774823956303
820,1825,6.3548172987230895,1186,-0.14381377720723196
821,1829,6.9659115937084,1184,-0.1635664073065746
822,1831,7.600204796882053,1187,-0.1574560533942015
823,1834,8.155426762456377,1184,-0.11268227729881204
824,1828,8.561773573077138,1186,-0.09269000050350422
825,1828,8.89777082656785,1185,-0.10674687447714293
826,1835,9.219099122485959,1185,-0.09644299732124544
827,1836,9.453649567701877,1185,-0.09266838079786793
828,1837,9.585123177932978,1186,-0.12252583085699975
829,1833,9.660243417484304,1185,-0.09646666436211333
830,1829,9.626781102459802,1185,-0.058439312884106205
831,1834,9.458902478328739,1186,-0.10563036615094656
832,1839,9.241653554319395,1187,-0.13163481452042955
833,1838,9.046677912102684,1185,-0.07219774450924574
834,1833,8.820380633874528,1184,-0.015657235674144076
835,1831,8.54777799135269,1187,0.014207547679407136
836,1835,8.214748645896465,1187,0.013964713096371761
837,1835,7.735024491801068,1186,0.013768244235088808
838,1828,7.1661799776591115,1186,0.08865343533936573
839,1822,6.629489616512035,1185,0.1554823308633069
840,1819,6.139074326336266,1186,0.13925232002484358
841,1821,5.491901101363267,1186,0.12882259594888704
842,1810,4.766063987668549,1186,0.11828206960936223
843,1804,4.029526719668492,1187,0.09406304900611473
844,1802,3.3024542367438823,1186,0.15534500544672658
845,1803,2.6412430636203577,1186,0.21995670195710118
846,1803,2.0358711004298664,1186,0.18228588181452704
847,1800,1.4619171134000393,1186,0.1674217851598545
848,1796,0.9905908670239075,1185,0.20867030172215154
849,1798,0.579111031888745,1187,0.22559608941171758
850,1802,0.20305126633728632,1186,0.25978218146627613
851,1801,-0.03716277185910119,1186,0.2993117738318029
852,1799,-0.2385160168459649,1185,0.29140950085075745
853,1795,-0.4916535369729177,1187,0.3179094670603882
854,1800,-0.6405015726629042,1186,0.38993479912105
855,1802,-0.7551615457684505,1185,0.3810090142184638
856,1799,-1.0037335180004245,1188,0.2998495163498339
857,1795,-1.2463598593376208,1187,0.2794772920854942
858,1793,-1.416740281548621,1186,0.30831972643244726
859,1798,-1.5472711031722175,1185,0.27365768061655155
860,1799,-1.6170616687502577,1185,0.19707303980251958
861,1797,-1.6629739948024536,1186,0.1762050810662344
862,1796,-1.6758195094140653,1187,0.22259459705208753
863,1798,-1.623008820895696,1185,0.27878306324961016
864,1801,-1.6023846464987341,1185,0.2886362920054811
865,1803,-1.6948539077060718,1188,0.264760399373289
866,1797,-1.7178418926884458,1186,0.25854871419639963
867,1796,-1.794346661335364,1186,0.24380162529449634
868,1799,-2.0324799943232694,1187,0.2174875730772235
869,1803,-2.1662329592521057,1185,0.22197859523529662
870,1800,-2.361527167577902,1185,0.23008861823757465
871,1794,-2.648983616055318,1188,0.21247260125023787
872,1795,-2.905074659755215,1187,0.2213335680870818
873,1796,-3.1231655971236196,1185,0.23614091639087015
874,1794,-3.380144192262116,1187,0.20939172464417247
875,1790,-3.6203167931559683,1184,0.16919026048982888
876,1782,-3.8342891856505092,1186,0.14659210672691597
877,1785,-4.085602322134347,1185,0.12380738513189689
878,1791,-4.368140805552448,1185,0.09678998965608748
879,1787,-4.604228742231586,1183,0.06832122222613758
880,1783,-4.787836717980298,1185,0.015234672034733693
881,1784,-4.988930202296569,1187,-0.042664011714122145
882,1787,-5.20849711295363,1186,-0.065409223968688
883,1793,-5.389932417481846,1186,-0.08000381578064522
884,1795,-5.483676665753018,1185,-0.11216282049365223
885,1790,-5.485307220551947,1187,-0.13534375979842372
886,1791,-5.39774509717707,1186,-0.13635510091896907
887,1796,-5.134375831173228,1186,-0.12609867284177173
888,1798,-4.662464446186302,1183,-0.15210699467603367
889,1797,-4.065791330386862,1185,-0.22093197137171755
890,1795,-3.282907424948582,1185,-0.22976695430825647
891,1799,-2.198388528776672,1185,-0.17901199786564387
892,1806,-0.9382563153337988,1185,-0.16535611722345886
893,1805,0.35448049642692064,1186,-0.1367880706432479
894,1803,1.7985619287366217,1185,-0.08301780595407884
895,1801,3.4071554188779736,1185,-0.10583164936669126
896,1809,5.0424438230815385,1185,-0.1199207070784306
897,1809,6.600770125495953,1185,-0.031805567549636274
898,1806,8.150340884666635,1183,0.0472205524902852
899,1805,9.53209553679293,1185,0.08075432992663313
900,1806,10.710477568900533,1185,0.12465252265848328
901,1811,11.711997244601884,1186,0.14741217913764335
902,1815,12.51102095586434,1184,0.1462926094843569
903,1814,13.138500124577988,1184,0.1474982922458434
904,1814,13.595765875091624,1186,0.11399110376561288
905,1816,13.811209777691817,1185,0.04698754770554914
906,1825,13.81570396006476,1186,0.019369287190000584
907,1827,13.677732522366515,1186,0.040845635031898475
908,1825,13.40409697483021,1187,0.06002066241665413
909,1825,13.115943650019684,1186,0.055145381613492264
910,1829,12.732302747328957,1185,0.04039607954163046
911,1833,12.103955716139556,1184,0.04148037062271025
912,1830,11.269315820802245,1184,0.055301887127690894
913,1825,10.329903181373716,1187,0.034023453041824664
914,1826,9.331415424138617,1186,-0.014961647630037565
915,1827,8.266843768130515,1185,-0.0461684773116252
916,1821,7.155879574968139,1185,-0.08191567306572077
917,1812,6.008951606209528,1185,-0.13200793762710358
918,1808,4.823368453058018,1185,-0.15208282697533382
919,1805,3.592290972001719,1184,-0.13594484188459569
920,1804,2.319031115608436,1186,-0.11893360699299076
921,1798,1.0999312704270698,1185,-0.12614739511445777
922,1790,-0.08214062728045923,1185,-0.1293434024619841
923,1788,-1.2475608893272885,1184,-0.13391853278206056
924,1788,-2.4036486748596797,1185,-0.18249399160704266
925,1793,-3.5098917358975674,1184,-0.218971980191958
926,1786,-4.608257396718886,1185,-0.16459818674672533
927,1781,-5.638418468231427,1184,-0.11670159644146612
928,1783,-6.505560739073433,1186,-0.1453835856220029
929,1786,-7.186892583357083,1185,-0.1443536532836496
930,1788,-7.76235427966642,1185,-0.0861684327204288
931,1783,-8.263275240196855,1185,-0.04164500250030316
932,1783,-8.620962646491764,1185,0.008983331715042037
933,1785,-8.773323972328214,1185,0.10481323746713914
934,1787,-8.7517699014251,1185,0.22415305120738002
935,1785,-8.577027429980868,1185,0.3278948417133755
936,1786,-8.2447751098005,1186,0.36364910046950927
937,1786,-7.777164240200134,1186,0.3302439239561228
938,1794,-7.208739648248849,1186,0.3370829904404054
939,1795,-6.516671716228805,1186,0.4327025124984547
940,1794,-5.733160634852032,1185,0.4991488969813541
941,1793,-4.924013869511686,1187,0.49195884038266885
942,1793,-4.112573579702325,1187,0.5178313622079065
943,1801,-3.2910351735353434,1186,0.5798165499804665
944,1803,-2.567983829199818,1187,0.5740671347516042
945,1798,-1.9402424828589542,1185,0.5569195519129612
946,1796,-1.3847703941916718,1187,0.5959235505958208
947,1800,-0.925702046265809,1186,0.5901350435479134
948,1802,-0.5521481963892231,1187,0.5274588696890232
949,1800,-0.2917149541577558,1186,0.5146088942492566
950,1797,-0.09730115061541317,1188,0.5257541750365731
951,1799,0.02442157915148585,1185,0.4974687770204271
952,1801,0.057664397141410056,1186,0.45476152076673904
953,1801,-0.011376134379715727,1187,0.4064726536832168
954,1797,-0.15251862415170994,1186,0.3618927044260076
955,1792,-0.33604005079072,1185,0.32995724709413465
956,1793,-0.5476585804761576,1186,0.27362320478643004
957,1799,-0.7334226213264485,1185,0.18911603436272378
958,1797,-0.951881801076307,1185,0.11578554988767399
959,1794,-1.254297968240481,1184,0.06118397265184039
960,1791,-1.533567757618697,1184,0.015508591487520484
961,1793,-1.7188070365991646,1185,-0.03850770569411322
962,1799,-1.9159602013787236,1186,-0.09719051531928963
963,1796,-2.0532788244331814,1185,-0.14650976927907297
964,1795,-2.0051068559769334,1184,-0.21051795993722885
965,1795,-1.7667687567545696,1185,-0.3138020018241851
966,1802,-1.2927529137741254,1186,-0.3906966610650178
967,1802,-0.6343554944079912,1185,-0.38154606035720134
968,1796,0.10270580163409825,1184,-0.36338511278087104
969,1799,1.0428220529475523,1185,-0.40386434782507513
970,1803,2.277424814571598,1186,-0.451289528178721
971,1807,3.6673610089445883,1184,-0.4721858388938359
972,1805,5.099914098364497,1186,-0.4753990546258933
973,1804,6.572211312597642,1187,-0.4831299718920556
974,1803,7.999304201501977,1185,-0.49851598341928055
975,1807,9.60498763746157,1184,-0.48751374521839863
976,1813,11.187683576007382,1185,-0.4750735610382306
977,1812,12.730313222642149,1185,-0.4616523212911132
978,1809,14.21579778286784,1185,-0.4477069163893266
979,1812,15.627058462186266,1186,-0.4336942367451495
980,1818,16.947016466099363,1185,-0.4200711727708599
981,1822,18.158593000108972,1185,-0.4072946148787384
982,1818,19.244709269717006,1187,-0.3958214534810638
983,1819,20.188286480425333,1185,-0.3861085789901153
984,1824,20.972245837735855,1186,-0.3786128818181713
985,1828,21.57950854715046,1184,-0.373791252377512
986,1825,21.992995814170996,1185,-0.372100581080415
987,1829,22.195628844299378,1186,-0.37399775833916116
988,1830,22.170328843037474,1185,-0.3799396745660304
989,1833,21.900017015887208,1187,-0.39038322017329996
990,1833,21.367614568350383,1187,-0.4057852855732489
991,1827,20.556042705928988,1187,-0.42660276117815843
992,1820,19.448222634124804,1185,-0.4532925374003056
993,1820,18.027075558439776,1185,-0.4863115046519697
994,1821,16.275522684375822,1187,-0.5261165533454322
995,1815,14.176485217434738,1187,-0.5731645738929712
996,1806,11.712884363118437,1186,-0.6279124567068628
997,1798,8.86764132692881,1186,-0.6908170921993908
998,1799,5.623677314367758,1187,-0.7623353707828326
999,1800,1.9639135309372122,1187,-0.8429241828694662
